alone,4,isolation
attention,3,productivity
audio,2,logistics
balance,3,balance
barking,2,logistics
bonding,4,isolation
boundaries,2,balance
buy-in,2,communication
camaraderie,2,isolation
caring,2,isolation
collaboration,6,communication
communication,41,communication
concentration,3,productivity
connection,3,isolation
context,4,isolation
coordination,2,communication
culture,3,isolation
discipline,8,productivity
disconnection,2,communication
disconnecting,7,productivity
disconnection,2,communication
distraction,5,productivity
distraction,3,productivity
exclusion,4,isolation
family,2,balance
focus,7,productivity
fomo,2,isolation
forgotten,2,isolation
health,2,balance
inclusion,4,isolation
interaction,2,isolation
isolation,5,isolation
isolation,26,isolation
kids,4,logistics
loneliness,32,isolation
loneliness,5,isolation
lonesome,2,isolation
loneliness,2,isolation
love,2,isolation
lunch,4,isolation
meetings,3,logistics
motivation,4,productivity
nothing,5,nothing
pants,7,pants
people,3,isolation
presence,2,isolation
recognition,2,isolation
schedule,2,logistics
separation,3,isolation
sleep,4,balance
socializing,3,isolation
socialization,3,isolation
socializing,5,isolation
stopping,3,balance
synchronization,2,communication
time,3,productivity
timezones,15,logistics
trust,2,communication
visibility,3,isolation
whiteboards,2,logistics